nombre,descripcion,precio,stock
ZTE Kis 3 Max,Lorem ipsum dolor,50.3,24
ZTE Warp,Lorem ipsum dolor,61.4,30
Philips D822,Lorem ipsum dolor,646.7,32
Motorola PRO+,Lorem ipsum dolor,696.3,43
Samsung i225 Exec,Lorem ipsum dolor,858.0,39
BLU C6 2019,Lorem ipsum dolor,179.1,39
Nokia 3110 Evolve,Lorem ipsum dolor,73.7,31
Lenovo Z6,Lorem ipsum dolor,520.3,26
Asus Zenfone 4 Selfie ZB553KL,Lorem ipsum dolor,948.3,31
Samsung Galaxy Tab Pro 12.2,Lorem ipsum dolor,989.1,33
Huawei Ascend D quad XL,Lorem ipsum dolor,193.0,41
ZTE Blade Q Pro,Lorem ipsum dolor,601.8,36
Amazon Kindle Fire HD (2013),Lorem ipsum dolor,939.7,41
Samsung G400 Soul,Lorem ipsum dolor,800.1,36
LG KG330,Lorem ipsum dolor,536.2,24
LG V35 ThinQ,Lorem ipsum dolor,562.7,36
Motorola Moto G 5G Plus,Lorem ipsum dolor,613.4,44
Sony Xperia Tablet Z Wi-Fi,Lorem ipsum dolor,801.0,33
Meizu M6,Lorem ipsum dolor,580.2,26
Parla Zum,Lorem ipsum dolor,927.4,35
Telit t410,Lorem ipsum dolor,816.4,39
ZTE nubia My Prague,Lorem ipsum dolor,698.7,25
Sony Xperia 5,Lorem ipsum dolor,946.0,25
Samsung Z2,Lorem ipsum dolor,437.1,41
Gigabyte GSmart Akta A4,Lorem ipsum dolor,532.6,39
Samsung Galaxy S II LTE I9210,Lorem ipsum dolor,336.7,41
Microsoft Kin Two,Lorem ipsum dolor,958.9,39
Sagem myMobileTV 2,Lorem ipsum dolor,990.8,39
HTC Ville,Lorem ipsum dolor,8.9,25
Realme C1,Lorem ipsum dolor,944.8,31
Nokia 6131,Lorem ipsum dolor,413.2,34
Micromax X295,Lorem ipsum dolor,470.3,29
Asus Transformer Pad Infinity 700,Lorem ipsum dolor,801.4,39
Samsung L870,Lorem ipsum dolor,442.1,27
Panasonic Eluga Z,Lorem ipsum dolor,891.9,37
Huawei IDEOS S7,Lorem ipsum dolor,697.5,26
Yezz Ritmo 3 TV YZ433,Lorem ipsum dolor,241.8,29
Spice M-9000 Popkorn,Lorem ipsum dolor,880.1,40
i-mate JAM Black,Lorem ipsum dolor,779.8,24
Huawei nova 8 Pro 5G,Lorem ipsum dolor,3.2,28
HTC Desire 616 dual sim,Lorem ipsum dolor,68.4,39
BLU Studio 5.0 S,Lorem ipsum dolor,689.9,28
Micromax Canvas 5 Lite Q462,Lorem ipsum dolor,892.3,30
Nokia 7370,Lorem ipsum dolor,451.7,30
i-mate JAM Black,Lorem ipsum dolor,326.5,39
Tecno Camon 16 S,Lorem ipsum dolor,766.2,25
T-Mobile Sidekick Slide,Lorem ipsum dolor,483.8,28
Philips 535,Lorem ipsum dolor,493.3,32
BLU Gol,Lorem ipsum dolor,630.5,27
vivo X23,Lorem ipsum dolor,365.8,25
ZTE Blade V9 Vita,Lorem ipsum dolor,437.8,44
Philips Fisio 610,Lorem ipsum dolor,690.9,38
Sagem my100X,Lorem ipsum dolor,593.5,35
Motorola MOTOKEY Mini EX108,Lorem ipsum dolor,368.3,36
Sony Ericsson W595,Lorem ipsum dolor,286.9,39
LG K7,Lorem ipsum dolor,875.2,24
Vodafone V860 Smart II,Lorem ipsum dolor,644.0,24
Energizer Energy E401,Lorem ipsum dolor,582.7,36
Nokia 109,Lorem ipsum dolor,479.3,28
Huawei MediaPad 7 Youth,Lorem ipsum dolor,342.5,39
Nokia N-Gage QD,Lorem ipsum dolor,602.9,38
Plum Z710,Lorem ipsum dolor,218.8,31
LG G1610,Lorem ipsum dolor,47.2,29
Huawei U9000 IDEOS X6,Lorem ipsum dolor,247.8,29
vivo Z6 5G,Lorem ipsum dolor,566.3,39
Nokia 600,Lorem ipsum dolor,752.3,38
HTC Touch Dual,Lorem ipsum dolor,326.9,25
Asus Zenfone 7 Pro,Lorem ipsum dolor,130.3,38
Huawei MediaPad T2 7.0,Lorem ipsum dolor,220.3,37
Micromax A101,Lorem ipsum dolor,59.4,35
Lenovo A850+,Lorem ipsum dolor,347.5,24
Samsung E850,Lorem ipsum dolor,408.2,32
Siemens Xelibri 1,Lorem ipsum dolor,931.0,33
Sony CMD Z1,Lorem ipsum dolor,960.7,24
Panasonic Toughpad JT-B1,Lorem ipsum dolor,186.6,28
Samsung Galaxy A30s,Lorem ipsum dolor,572.3,37
vivo Y9s,Lorem ipsum dolor,802.6,24
Siemens ME45,Lorem ipsum dolor,400.4,30
LG Extravert VN271,Lorem ipsum dolor,256.1,35
Lenovo A5860,Lorem ipsum dolor,613.4,42
Spice QT-52,Lorem ipsum dolor,499.8,38
BLU Diamond M,Lorem ipsum dolor,153.2,29
Lenovo Z5 Pro GT,Lorem ipsum dolor,168.7,37
Nokia Lumia 625,Lorem ipsum dolor,459.2,24
LG Optimus G LS970,Lorem ipsum dolor,186.8,32
BlackBerry 6720,Lorem ipsum dolor,280.0,28
Samsung Galaxy S III I747,Lorem ipsum dolor,682.8,40
NIU GO 21,Lorem ipsum dolor,295.5,37
Acer Iconia Smart,Lorem ipsum dolor,263.1,44
Huawei Y6 (2018),Lorem ipsum dolor,127.7,26
Samsung Z700,Lorem ipsum dolor,613.8,32
ZTE Tempo Go,Lorem ipsum dolor,459.1,40
Honor Play,Lorem ipsum dolor,738.6,37
Wiko Sunny3 Plus,Lorem ipsum dolor,78.1,44
i-mobile TV 530,Lorem ipsum dolor,465.6,28
alcatel OT View db,Lorem ipsum dolor,777.9,44
Samsung V200,Lorem ipsum dolor,293.2,30
NEC N331i,Lorem ipsum dolor,662.2,30
Gionee S10,Lorem ipsum dolor,866.4,25
Samsung Galaxy Note I717,Lorem ipsum dolor,337.5,31
